PROJECT;SEQUENCE;STEP;PIN0;PIN1;PIN3;PIN4;PIN5;PIN6;PIN8;PIN10;PIN11;PIN16;PIN17;PIN18;PIN20;PIN21;PIN22;PIN24;PIN25;PIN26;T0;T1;T3;T4;T5;T6;T8;T10;T11;T16;T17;T18;T20;T21;T22;T24;T25;T26;TMAX;TTOTAL;INFO1
Robusta;1;1;-17,50;-25,49;-22,30;0,00;-81,75;-62,70;17,50;-25,49;-22,30;-17,50;-25,49;-22,30;0,00;-81,75;-62,70;17,50;-25,49;-22,30;100;100;100;100;100;100;100;100;100;100;100;100;100;100;100;100;100;100;100;100;Normal
Robusta;2;1;-17,5;-25,49;-22,30;0,00;-81,75;-62,70;17,50;-47,40;-36,75;-17,50;-47,40;-36,75;0,00;-81,75;-62,70;17,50;-25,49;-22,30;100;100;100;100;100;100;100;100;100;100;100;100;100;100;100;100;100;100;100;100;Maju 1
Robusta;2;2;-28,84;-25,47;-28,86;0,00;-81,75;-62,70;28,84;-25,47;-28,86;-9,16;-23,71;-12,92;0,00;-81,75;-62,70;9,16;-23,71;-12,92;100;100;100;100;100;100;100;100;100;100;100;100;100;100;100;100;100;100;100;100;Maju 1
Robusta;2;3;-17,5;-47,40;-36,75;0,00;-81,75;-62,70;17,50;-25,49;-22,30;-17,50;-25,49;-22,30;0,00;-81,75;-62,70;17,50;-47,40;-36,75;100;100;100;100;100;100;100;100;100;100;100;100;100;100;100;100;100;100;100;100;Maju 1
Robusta;2;4;-9,16;-23,71;-12,92;0,00;-81,75;-62,70;9,16;-23,71;-12,92;-28,84;-25,47;-28,86;0,00;-81,75;-62,70;28,84;-25,47;-28,86;100;100;100;100;100;100;100;100;100;100;100;100;100;100;100;100;100;100;100;100;Maju 1
Robusta;3;1;-17,5;-25,49;-22,30;0,00;-81,75;-62,70;17,50;-47,40;-36,75;-17,50;-47,40;-36,75;0,00;-81,75;-62,70;17,50;-25,49;-22,30;100;100;100;100;100;100;100;100;100;100;100;100;100;100;100;100;100;100;100;100;Maju 2
Robusta;3;2;-43,67;-24,57;-32,63;0,00;-81,75;-62,70;43,67;-24,57;-32,63;-3,00;-19,70;-0,64;0,00;-81,75;-62,70;3,00;-19,70;-0,64;100;100;100;100;100;100;100;100;100;100;100;100;100;100;100;100;100;100;100;100;Maju 2
Robusta;3;3;-17,5;-47,40;-36,75;0,00;-81,75;-62,70;17,50;-25,49;-22,30;-17,50;-25,49;-22,30;0,00;-81,75;-62,70;17,50;-47,40;-36,75;100;100;100;100;100;100;100;100;100;100;100;100;100;100;100;100;100;100;100;100;Maju 2
Robusta;3;4;-3,00;-19,70;-0,64;0,00;-81,75;-62,70;3,00;-19,70;-0,64;-43,67;-24,57;-32,63;0,00;-81,75;-62,70;43,67;-24,57;-32,63;100;100;100;100;100;100;100;100;100;100;100;100;100;100;100;100;100;100;100;100;Maju 2
Robusta;4;1;-17,5;-25,49;-22,30;0,00;-81,75;-62,70;17,50;-47,40;-36,75;-17,50;-47,40;-36,75;0,00;-81,75;-62,70;17,50;-25,49;-22,30;100;100;100;100;100;100;100;100;100;100;100;100;100;100;100;100;100;100;100;100;Maju 3
Robusta;4;2;-61,07;-24,09;-33,76;0,00;-81,75;-62,70;61,07;-24,09;-33,76;1,62;-13,07;15,08;0,00;-81,75;-62,70;-1,62;-13,07;15,08;100;100;100;100;100;100;100;100;100;100;100;100;100;100;100;100;100;100;100;100;Maju 3
Robusta;4;3;-17,5;-47,40;-36,75;0,00;-81,75;-62,70;17,50;-25,49;-22,30;-17,50;-25,49;-22,30;0,00;-81,75;-62,70;17,50;-47,40;-36,75;100;100;100;100;100;100;100;100;100;100;100;100;100;100;100;100;100;100;100;100;Maju 3
Robusta;4;4;1,62;-13,07;15,08;0,00;-81,75;-62,70;-1,62;-13,07;15,08;-61,07;-24,09;-33,76;0,00;-81,75;-62,70;61,07;-24,09;-33,76;100;100;100;100;100;100;100;100;100;100;100;100;100;100;100;100;100;100;100;100;Maju 3
Robusta;5;1;-17,5;-25,49;-22,30;0,00;-81,75;-62,70;17,50;-47,40;-36,75;-17,50;-47,40;-36,75;0,00;-81,75;-62,70;17,50;-25,49;-22,30;100;100;100;100;100;100;100;100;100;100;100;100;100;100;100;100;100;100;100;100;Maju 4
Robusta;5;2;-69,90;-24,27;-33,36;0,00;-81,75;-62,70;69,90;-24,27;-33,36;3,52;-8,47;24,75;0,00;-81,75;-62,70;-3,52;-8,47;24,75;100;100;100;100;100;100;100;100;100;100;100;100;100;100;100;100;100;100;100;100;Maju 4
Robusta;5;3;-17,5;-47,40;-36,75;0,00;-81,75;-62,70;17,50;-25,49;-22,30;-17,50;-25,49;-22,30;0,00;-81,75;-62,70;17,50;-47,40;-36,75;100;100;100;100;100;100;100;100;100;100;100;100;100;100;100;100;100;100;100;100;Maju 4
Robusta;5;4;3,52;-8,47;24,75;0,00;-81,75;-62,70;-3,52;-8,47;24,75;-69,90;-24,27;-33,36;0,00;-81,75;-62,70;69,90;-24,27;-33,36;100;100;100;100;100;100;100;100;100;100;100;100;100;100;100;100;100;100;100;100;Maju 4
Robusta;6;1;-17,5;-25,49;-22,30;0,00;-81,75;-62,70;17,50;-47,40;-36,75;-17,50;-47,40;-36,75;0,00;-81,75;-62,70;17,50;-25,49;-22,30;100;100;100;100;100;100;100;100;100;100;100;100;100;100;100;100;100;100;100;100;BelokKanan10
Robusta;6;2;-28,84;-25,47;-28,86;0,00;-81,75;-62,70;28,84;-25,47;-28,86;-17,50;-25,49;-22,30;0,00;-81,75;-62,70;17,50;-25,49;-22,30;100;100;100;100;100;100;100;100;100;100;100;100;100;100;100;100;100;100;100;100;BelokKanan10
Robusta;6;3;-17,5;-47,40;-36,75;0,00;-81,75;-62,70;17,50;-25,49;-22,30;-17,50;-25,49;-22,30;0,00;-81,75;-62,70;17,50;-47,40;-36,75;100;100;100;100;100;100;100;100;100;100;100;100;100;100;100;100;100;100;100;100;BelokKanan10
Robusta;6;4;-9,16;-23,71;-12,92;0,00;-81,75;-62,70;9,16;-23,71;-12,92;-17,50;-25,49;-22,30;0,00;-81,75;-62,70;17,50;-25,49;-22,30;100;100;100;100;100;100;100;100;100;100;100;100;100;100;100;100;100;100;100;100;BelokKanan10
Robusta;7;1;-17,5;-25,49;-22,30;0,00;-81,75;-62,70;17,50;-47,40;-36,75;-17,50;-47,40;-36,75;0,00;-81,75;-62,70;17,50;-25,49;-22,30;100;100;100;100;100;100;100;100;100;100;100;100;100;100;100;100;100;100;100;100;BelokKanan20
Robusta;7;2;-43,67;-24,57;-32,63;0,00;-81,75;-62,70;43,67;-24,57;-32,63;-17,50;-25,49;-22,30;0,00;-81,75;-62,70;17,50;-25,49;-22,30;100;100;100;100;100;100;100;100;100;100;100;100;100;100;100;100;100;100;100;100;BelokKanan20
Robusta;7;3;-17,5;-47,40;-36,75;0,00;-81,75;-62,70;17,50;-25,49;-22,30;-17,50;-25,49;-22,30;0,00;-81,75;-62,70;17,50;-47,40;-36,75;100;100;100;100;100;100;100;100;100;100;100;100;100;100;100;100;100;100;100;100;BelokKanan20
Robusta;7;4;-3,00;-19,70;-0,64;0,00;-81,75;-62,70;3,00;-19,70;-0,64;-17,50;-25,49;-22,30;0,00;-81,75;-62,70;17,50;-25,49;-22,30;100;100;100;100;100;100;100;100;100;100;100;100;100;100;100;100;100;100;100;100;BelokKanan20
Robusta;8;1;-17,5;-25,49;-22,30;0,00;-81,75;-62,70;17,50;-47,40;-36,75;-17,50;-47,40;-36,75;0,00;-81,75;-62,70;17,50;-25,49;-22,30;100;100;100;100;100;100;100;100;100;100;100;100;100;100;100;100;100;100;100;100;BelokKanan30
Robusta;8;2;-61,07;-24,09;-33,76;0,00;-81,75;-62,70;61,07;-24,09;-33,76;-17,50;-25,49;-22,30;0,00;-81,75;-62,70;17,50;-25,49;-22,30;100;100;100;100;100;100;100;100;100;100;100;100;100;100;100;100;100;100;100;100;BelokKanan30
Robusta;8;3;-17,5;-47,40;-36,75;0,00;-81,75;-62,70;17,50;-25,49;-22,30;-17,50;-25,49;-22,30;0,00;-81,75;-62,70;17,50;-47,40;-36,75;100;100;100;100;100;100;100;100;100;100;100;100;100;100;100;100;100;100;100;100;BelokKanan30
Robusta;8;4;1,62;-13,07;15,08;0,00;-81,75;-62,70;-1,62;-13,07;15,08;-17,50;-25,49;-22,30;0,00;-81,75;-62,70;17,50;-25,49;-22,30;100;100;100;100;100;100;100;100;100;100;100;100;100;100;100;100;100;100;100;100;BelokKanan30
Robusta;9;1;-17,5;-25,49;-22,30;0,00;-81,75;-62,70;17,50;-47,40;-36,75;-17,50;-47,40;-36,75;0,00;-81,75;-62,70;17,50;-25,49;-22,30;100;100;100;100;100;100;100;100;100;100;100;100;100;100;100;100;100;100;100;100;BelokKanan40
Robusta;9;2;-69,90;-24,27;-33,36;0,00;-81,75;-62,70;69,90;-24,27;-33,36;-17,50;-25,49;-22,30;0,00;-81,75;-62,70;17,50;-25,49;-22,30;100;100;100;100;100;100;100;100;100;100;100;100;100;100;100;100;100;100;100;100;BelokKanan40
Robusta;9;3;-17,5;-47,40;-36,75;0,00;-81,75;-62,70;17,50;-25,49;-22,30;-17,50;-25,49;-22,30;0,00;-81,75;-62,70;17,50;-47,40;-36,75;100;100;100;100;100;100;100;100;100;100;100;100;100;100;100;100;100;100;100;100;BelokKanan40
Robusta;9;4;3,52;-8,47;24,75;0,00;-81,75;-62,70;-3,52;-8,47;24,75;-17,50;-25,49;-22,30;0,00;-81,75;-62,70;17,50;-25,49;-22,30;100;100;100;100;100;100;100;100;100;100;100;100;100;100;100;100;100;100;100;100;BelokKanan40
Robusta;10;1;-17,5;-25,49;-22,30;0,00;-81,75;-62,70;17,50;-47,40;-36,75;-17,50;-47,40;-36,75;0,00;-81,75;-62,70;17,50;-25,49;-22,30;100;100;100;100;100;100;100;100;100;100;100;100;100;100;100;100;100;100;100;100;BelokKanan21
Robusta;10;2;-43,67;-24,57;-32,63;0,00;-81,75;-62,70;43,67;-24,57;-32,63;-9,16;-23,71;-12,92;0,00;-81,75;-62,70;9,16;-23,71;-12,92;100;100;100;100;100;100;100;100;100;100;100;100;100;100;100;100;100;100;100;100;BelokKanan21
Robusta;10;3;-17,5;-47,40;-36,75;0,00;-81,75;-62,70;17,50;-25,49;-22,30;-17,50;-25,49;-22,30;0,00;-81,75;-62,70;17,50;-47,40;-36,75;100;100;100;100;100;100;100;100;100;100;100;100;100;100;100;100;100;100;100;100;BelokKanan21
Robusta;10;4;-3,00;-19,70;-0,64;0,00;-81,75;-62,70;3,00;-19,70;-0,64;-28,84;-25,47;-28,86;0,00;-81,75;-62,70;28,84;-25,47;-28,86;100;100;100;100;100;100;100;100;100;100;100;100;100;100;100;100;100;100;100;100;BelokKanan21
Robusta;11;1;-17,5;-25,49;-22,30;0,00;-81,75;-62,70;17,50;-47,40;-36,75;-17,50;-47,40;-36,75;0,00;-81,75;-62,70;17,50;-25,49;-22,30;100;100;100;100;100;100;100;100;100;100;100;100;100;100;100;100;100;100;100;100;BelokKanan31
Robusta;11;2;-61,07;-24,09;-33,76;0,00;-81,75;-62,70;61,07;-24,09;-33,76;-9,16;-23,71;-12,92;0,00;-81,75;-62,70;9,16;-23,71;-12,92;100;100;100;100;100;100;100;100;100;100;100;100;100;100;100;100;100;100;100;100;BelokKanan31
Robusta;11;3;-17,5;-47,40;-36,75;0,00;-81,75;-62,70;17,50;-25,49;-22,30;-17,50;-25,49;-22,30;0,00;-81,75;-62,70;17,50;-47,40;-36,75;100;100;100;100;100;100;100;100;100;100;100;100;100;100;100;100;100;100;100;100;BelokKanan31
Robusta;11;4;1,62;-13,07;15,08;0,00;-81,75;-62,70;-1,62;-13,07;15,08;-28,84;-25,47;-28,86;0,00;-81,75;-62,70;28,84;-25,47;-28,86;100;100;100;100;100;100;100;100;100;100;100;100;100;100;100;100;100;100;100;100;BelokKanan31
Robusta;12;1;-17,5;-25,49;-22,30;0,00;-81,75;-62,70;17,50;-47,40;-36,75;-17,50;-47,40;-36,75;0,00;-81,75;-62,70;17,50;-25,49;-22,30;100;100;100;100;100;100;100;100;100;100;100;100;100;100;100;100;100;100;100;100;BelokKanan41
Robusta;12;2;-69,90;-24,27;-33,36;0,00;-81,75;-62,70;69,90;-24,27;-33,36;-9,16;-23,71;-12,92;0,00;-81,75;-62,70;9,16;-23,71;-12,92;100;100;100;100;100;100;100;100;100;100;100;100;100;100;100;100;100;100;100;100;BelokKanan41
Robusta;12;3;-17,5;-47,40;-36,75;0,00;-81,75;-62,70;17,50;-25,49;-22,30;-17,50;-25,49;-22,30;0,00;-81,75;-62,70;17,50;-47,40;-36,75;100;100;100;100;100;100;100;100;100;100;100;100;100;100;100;100;100;100;100;100;BelokKanan41
Robusta;12;4;3,52;-8,47;24,75;0,00;-81,75;-62,70;-3,52;-8,47;24,75;-28,84;-25,47;-28,86;0,00;-81,75;-62,70;28,84;-25,47;-28,86;100;100;100;100;100;100;100;100;100;100;100;100;100;100;100;100;100;100;100;100;BelokKanan41
Robusta;13;1;-17,5;-25,49;-22,30;0,00;-81,75;-62,70;17,50;-47,40;-36,75;-17,50;-47,40;-36,75;0,00;-81,75;-62,70;17,50;-25,49;-22,30;100;100;100;100;100;100;100;100;100;100;100;100;100;100;100;100;100;100;100;100;BelokKanan32
Robusta;13;2;-61,07;-24,09;-33,76;0,00;-81,75;-62,70;61,07;-24,09;-33,76;-3,00;-19,70;-0,64;0,00;-81,75;-62,70;3,00;-19,70;-0,64;100;100;100;100;100;100;100;100;100;100;100;100;100;100;100;100;100;100;100;100;BelokKanan32
Robusta;13;3;-17,5;-47,40;-36,75;0,00;-81,75;-62,70;17,50;-25,49;-22,30;-17,50;-25,49;-22,30;0,00;-81,75;-62,70;17,50;-47,40;-36,75;100;100;100;100;100;100;100;100;100;100;100;100;100;100;100;100;100;100;100;100;BelokKanan32
Robusta;13;4;1,62;-13,07;15,08;0,00;-81,75;-62,70;-1,62;-13,07;15,08;-43,67;-24,57;-32,63;0,00;-81,75;-62,70;43,67;-24,57;-32,63;100;100;100;100;100;100;100;100;100;100;100;100;100;100;100;100;100;100;100;100;BelokKanan32
Robusta;14;1;-17,5;-25,49;-22,30;0,00;-81,75;-62,70;17,50;-47,40;-36,75;-17,50;-47,40;-36,75;0,00;-81,75;-62,70;17,50;-25,49;-22,30;100;100;100;100;100;100;100;100;100;100;100;100;100;100;100;100;100;100;100;100;BelokKanan42
Robusta;14;2;-69,90;-24,27;-33,36;0,00;-81,75;-62,70;69,90;-24,27;-33,36;-3,00;-19,70;-0,64;0,00;-81,75;-62,70;3,00;-19,70;-0,64;100;100;100;100;100;100;100;100;100;100;100;100;100;100;100;100;100;100;100;100;BelokKanan42
Robusta;14;3;-17,5;-47,40;-36,75;0,00;-81,75;-62,70;17,50;-25,49;-22,30;-17,50;-25,49;-22,30;0,00;-81,75;-62,70;17,50;-47,40;-36,75;100;100;100;100;100;100;100;100;100;100;100;100;100;100;100;100;100;100;100;100;BelokKanan42
Robusta;14;4;3,52;-8,47;24,75;0,00;-81,75;-62,70;-3,52;-8,47;24,75;-43,67;-24,57;-32,63;0,00;-81,75;-62,70;43,67;-24,57;-32,63;100;100;100;100;100;100;100;100;100;100;100;100;100;100;100;100;100;100;100;100;BelokKanan42
Robusta;15;1;-17,5;-25,49;-22,30;0,00;-81,75;-62,70;17,50;-47,40;-36,75;-17,50;-47,40;-36,75;0,00;-81,75;-62,70;17,50;-25,49;-22,30;100;100;100;100;100;100;100;100;100;100;100;100;100;100;100;100;100;100;100;100;BelokKanan43
Robusta;15;2;-69,90;-24,27;-33,36;0,00;-81,75;-62,70;69,90;-24,27;-33,36;1,62;-13,07;15,08;0,00;-81,75;-62,70;-1,62;-13,07;15,08;100;100;100;100;100;100;100;100;100;100;100;100;100;100;100;100;100;100;100;100;BelokKanan43
Robusta;15;3;-17,5;-47,40;-36,75;0,00;-81,75;-62,70;17,50;-25,49;-22,30;-17,50;-25,49;-22,30;0,00;-81,75;-62,70;17,50;-47,40;-36,75;100;100;100;100;100;100;100;100;100;100;100;100;100;100;100;100;100;100;100;100;BelokKanan43
Robusta;15;4;3,52;-8,47;24,75;0,00;-81,75;-62,70;-3,52;-8,47;24,75;-61,07;-24,09;-33,76;0,00;-81,75;-62,70;61,07;-24,09;-33,76;100;100;100;100;100;100;100;100;100;100;100;100;100;100;100;100;100;100;100;100;BelokKanan43
Robusta;16;1;-17,5;-25,49;-22,30;0,00;-81,75;-62,70;17,50;-47,40;-36,75;-17,50;-47,40;-36,75;0,00;-81,75;-62,70;17,50;-25,49;-22,30;100;100;100;100;100;100;100;100;100;100;100;100;100;100;100;100;100;100;100;100;BelokKiri01
Robusta;16;2;-17,50;-25,49;-22,30;0,00;-81,75;-62,70;17,50;-25,49;-22,30;-9,16;-23,71;-12,92;0,00;-81,75;-62,70;9,16;-23,71;-12,92;100;100;100;100;100;100;100;100;100;100;100;100;100;100;100;100;100;100;100;100;BelokKiri01
Robusta;16;3;-17,5;-47,40;-36,75;0,00;-81,75;-62,70;17,50;-25,49;-22,30;-17,50;-25,49;-22,30;0,00;-81,75;-62,70;17,50;-47,40;-36,75;100;100;100;100;100;100;100;100;100;100;100;100;100;100;100;100;100;100;100;100;BelokKiri01
Robusta;16;4;-17,50;-25,49;-22,30;0,00;-81,75;-62,70;17,50;-25,49;-22,30;-28,84;-25,47;-28,86;0,00;-81,75;-62,70;28,84;-25,47;-28,86;100;100;100;100;100;100;100;100;100;100;100;100;100;100;100;100;100;100;100;100;BelokKiri01
Robusta;17;1;-17,5;-25,49;-22,30;0,00;-81,75;-62,70;17,50;-47,40;-36,75;-17,50;-47,40;-36,75;0,00;-81,75;-62,70;17,50;-25,49;-22,30;100;100;100;100;100;100;100;100;100;100;100;100;100;100;100;100;100;100;100;100;BelokKiri02
Robusta;17;2;-17,50;-25,49;-22,30;0,00;-81,75;-62,70;17,50;-25,49;-22,30;-3,00;-19,70;-0,64;0,00;-81,75;-62,70;3,00;-19,70;-0,64;100;100;100;100;100;100;100;100;100;100;100;100;100;100;100;100;100;100;100;100;BelokKiri02
Robusta;17;3;-17,5;-47,40;-36,75;0,00;-81,75;-62,70;17,50;-25,49;-22,30;-17,50;-25,49;-22,30;0,00;-81,75;-62,70;17,50;-47,40;-36,75;100;100;100;100;100;100;100;100;100;100;100;100;100;100;100;100;100;100;100;100;BelokKiri02
Robusta;17;4;-17,50;-25,49;-22,30;0,00;-81,75;-62,70;17,50;-25,49;-22,30;-43,67;-24,57;-32,63;0,00;-81,75;-62,70;43,67;-24,57;-32,63;100;100;100;100;100;100;100;100;100;100;100;100;100;100;100;100;100;100;100;100;BelokKiri02
Robusta;18;1;-17,5;-25,49;-22,30;0,00;-81,75;-62,70;17,50;-47,40;-36,75;-17,50;-47,40;-36,75;0,00;-81,75;-62,70;17,50;-25,49;-22,30;100;100;100;100;100;100;100;100;100;100;100;100;100;100;100;100;100;100;100;100;BelokKiri03
Robusta;18;2;-17,50;-25,49;-22,30;0,00;-81,75;-62,70;17,50;-25,49;-22,30;1,62;-13,07;15,08;0,00;-81,75;-62,70;-1,62;-13,07;15,08;100;100;100;100;100;100;100;100;100;100;100;100;100;100;100;100;100;100;100;100;BelokKiri03
Robusta;18;3;-17,5;-47,40;-36,75;0,00;-81,75;-62,70;17,50;-25,49;-22,30;-17,50;-25,49;-22,30;0,00;-81,75;-62,70;17,50;-47,40;-36,75;100;100;100;100;100;100;100;100;100;100;100;100;100;100;100;100;100;100;100;100;BelokKiri03
Robusta;18;4;-17,50;-25,49;-22,30;0,00;-81,75;-62,70;17,50;-25,49;-22,30;-61,07;-24,09;-33,76;0,00;-81,75;-62,70;61,07;-24,09;-33,76;100;100;100;100;100;100;100;100;100;100;100;100;100;100;100;100;100;100;100;100;BelokKiri03
Robusta;19;1;-17,5;-25,49;-22,30;0,00;-81,75;-62,70;17,50;-47,40;-36,75;-17,50;-47,40;-36,75;0,00;-81,75;-62,70;17,50;-25,49;-22,30;100;100;100;100;100;100;100;100;100;100;100;100;100;100;100;100;100;100;100;100;BelokKiri04
Robusta;19;2;-17,50;-25,49;-22,30;0,00;-81,75;-62,70;17,50;-25,49;-22,30;3,52;-8,47;24,75;0,00;-81,75;-62,70;-3,52;-8,47;24,75;100;100;100;100;100;100;100;100;100;100;100;100;100;100;100;100;100;100;100;100;BelokKiri04
Robusta;19;3;-17,5;-47,40;-36,75;0,00;-81,75;-62,70;17,50;-25,49;-22,30;-17,50;-25,49;-22,30;0,00;-81,75;-62,70;17,50;-47,40;-36,75;100;100;100;100;100;100;100;100;100;100;100;100;100;100;100;100;100;100;100;100;BelokKiri04
Robusta;19;4;-17,50;-25,49;-22,30;0,00;-81,75;-62,70;17,50;-25,49;-22,30;-69,90;-24,27;-33,36;0,00;-81,75;-62,70;69,90;-24,27;-33,36;100;100;100;100;100;100;100;100;100;100;100;100;100;100;100;100;100;100;100;100;BelokKiri04
Robusta;20;1;-17,5;-25,49;-22,30;0,00;-81,75;-62,70;17,50;-47,40;-36,75;-17,50;-47,40;-36,75;0,00;-81,75;-62,70;17,50;-25,49;-22,30;100;100;100;100;100;100;100;100;100;100;100;100;100;100;100;100;100;100;100;100;BelokKiri12
Robusta;20;2;-28,84;-25,47;-28,86;0,00;-81,75;-62,70;28,84;-25,47;-28,86;-3,00;-19,70;-0,64;0,00;-81,75;-62,70;3,00;-19,70;-0,64;100;100;100;100;100;100;100;100;100;100;100;100;100;100;100;100;100;100;100;100;BelokKiri12
Robusta;20;3;-17,5;-47,40;-36,75;0,00;-81,75;-62,70;17,50;-25,49;-22,30;-17,50;-25,49;-22,30;0,00;-81,75;-62,70;17,50;-47,40;-36,75;100;100;100;100;100;100;100;100;100;100;100;100;100;100;100;100;100;100;100;100;BelokKiri12
Robusta;20;4;-9,16;-23,71;-12,92;0,00;-81,75;-62,70;9,16;-23,71;-12,92;-43,67;-24,57;-32,63;0,00;-81,75;-62,70;43,67;-24,57;-32,63;100;100;100;100;100;100;100;100;100;100;100;100;100;100;100;100;100;100;100;100;BelokKiri12
Robusta;21;1;-17,5;-25,49;-22,30;0,00;-81,75;-62,70;17,50;-47,40;-36,75;-17,50;-47,40;-36,75;0,00;-81,75;-62,70;17,50;-25,49;-22,30;100;100;100;100;100;100;100;100;100;100;100;100;100;100;100;100;100;100;100;100;BelokKiri13
Robusta;21;2;-28,84;-25,47;-28,86;0,00;-81,75;-62,70;28,84;-25,47;-28,86;1,62;-13,07;15,08;0,00;-81,75;-62,70;-1,62;-13,07;15,08;100;100;100;100;100;100;100;100;100;100;100;100;100;100;100;100;100;100;100;100;BelokKiri13
Robusta;21;3;-17,5;-47,40;-36,75;0,00;-81,75;-62,70;17,50;-25,49;-22,30;-17,50;-25,49;-22,30;0,00;-81,75;-62,70;17,50;-47,40;-36,75;100;100;100;100;100;100;100;100;100;100;100;100;100;100;100;100;100;100;100;100;BelokKiri13
Robusta;21;4;-9,16;-23,71;-12,92;0,00;-81,75;-62,70;9,16;-23,71;-12,92;-61,07;-24,09;-33,76;0,00;-81,75;-62,70;61,07;-24,09;-33,76;100;100;100;100;100;100;100;100;100;100;100;100;100;100;100;100;100;100;100;100;BelokKiri13
Robusta;22;1;-17,5;-25,49;-22,30;0,00;-81,75;-62,70;17,50;-47,40;-36,75;-17,50;-47,40;-36,75;0,00;-81,75;-62,70;17,50;-25,49;-22,30;100;100;100;100;100;100;100;100;100;100;100;100;100;100;100;100;100;100;100;100;BelokKiri14
Robusta;22;2;-28,84;-25,47;-28,86;0,00;-81,75;-62,70;28,84;-25,47;-28,86;3,52;-8,47;24,75;0,00;-81,75;-62,70;-3,52;-8,47;24,75;100;100;100;100;100;100;100;100;100;100;100;100;100;100;100;100;100;100;100;100;BelokKiri14
Robusta;22;3;-17,5;-47,40;-36,75;0,00;-81,75;-62,70;17,50;-25,49;-22,30;-17,50;-25,49;-22,30;0,00;-81,75;-62,70;17,50;-47,40;-36,75;100;100;100;100;100;100;100;100;100;100;100;100;100;100;100;100;100;100;100;100;BelokKiri14
Robusta;22;4;-9,16;-23,71;-12,92;0,00;-81,75;-62,70;9,16;-23,71;-12,92;-69,90;-24,27;-33,36;0,00;-81,75;-62,70;69,90;-24,27;-33,36;100;100;100;100;100;100;100;100;100;100;100;100;100;100;100;100;100;100;100;100;BelokKiri14
Robusta;23;1;-17,5;-25,49;-22,30;0,00;-81,75;-62,70;17,50;-47,40;-36,75;-17,50;-47,40;-36,75;0,00;-81,75;-62,70;17,50;-25,49;-22,30;100;100;100;100;100;100;100;100;100;100;100;100;100;100;100;100;100;100;100;100;BelokKiri23
Robusta;23;2;-43,67;-24,57;-32,63;0,00;-81,75;-62,70;43,67;-24,57;-32,63;1,62;-13,07;15,08;0,00;-81,75;-62,70;-1,62;-13,07;15,08;100;100;100;100;100;100;100;100;100;100;100;100;100;100;100;100;100;100;100;100;BelokKiri23
Robusta;23;3;-17,5;-47,40;-36,75;0,00;-81,75;-62,70;17,50;-25,49;-22,30;-17,50;-25,49;-22,30;0,00;-81,75;-62,70;17,50;-47,40;-36,75;100;100;100;100;100;100;100;100;100;100;100;100;100;100;100;100;100;100;100;100;BelokKiri23
Robusta;23;4;-3,00;-19,70;-0,64;0,00;-81,75;-62,70;3,00;-19,70;-0,64;-61,07;-24,09;-33,76;0,00;-81,75;-62,70;61,07;-24,09;-33,76;100;100;100;100;100;100;100;100;100;100;100;100;100;100;100;100;100;100;100;100;BelokKiri23
Robusta;24;1;-17,5;-25,49;-22,30;0,00;-81,75;-62,70;17,50;-47,40;-36,75;-17,50;-47,40;-36,75;0,00;-81,75;-62,70;17,50;-25,49;-22,30;100;100;100;100;100;100;100;100;100;100;100;100;100;100;100;100;100;100;100;100;BelokKiri24
Robusta;24;2;-43,67;-24,57;-32,63;0,00;-81,75;-62,70;43,67;-24,57;-32,63;3,52;-8,47;24,75;0,00;-81,75;-62,70;-3,52;-8,47;24,75;100;100;100;100;100;100;100;100;100;100;100;100;100;100;100;100;100;100;100;100;BelokKiri24
Robusta;24;3;-17,5;-47,40;-36,75;0,00;-81,75;-62,70;17,50;-25,49;-22,30;-17,50;-25,49;-22,30;0,00;-81,75;-62,70;17,50;-47,40;-36,75;100;100;100;100;100;100;100;100;100;100;100;100;100;100;100;100;100;100;100;100;BelokKiri24
Robusta;24;4;-3,00;-19,70;-0,64;0,00;-81,75;-62,70;3,00;-19,70;-0,64;-69,90;-24,27;-33,36;0,00;-81,75;-62,70;69,90;-24,27;-33,36;100;100;100;100;100;100;100;100;100;100;100;100;100;100;100;100;100;100;100;100;BelokKiri24
Robusta;25;1;-17,5;-25,49;-22,30;0,00;-81,75;-62,70;17,50;-47,40;-36,75;-17,50;-47,40;-36,75;0,00;-81,75;-62,70;17,50;-25,49;-22,30;100;100;100;100;100;100;100;100;100;100;100;100;100;100;100;100;100;100;100;100;BelokKiri34
Robusta;25;2;-61,07;-24,09;-33,76;0,00;-81,75;-62,70;61,07;-24,09;-33,76;3,52;-8,47;24,75;0,00;-81,75;-62,70;-3,52;-8,47;24,75;100;100;100;100;100;100;100;100;100;100;100;100;100;100;100;100;100;100;100;100;BelokKiri34
Robusta;25;3;-17,5;-47,40;-36,75;0,00;-81,75;-62,70;17,50;-25,49;-22,30;-17,50;-25,49;-22,30;0,00;-81,75;-62,70;17,50;-47,40;-36,75;100;100;100;100;100;100;100;100;100;100;100;100;100;100;100;100;100;100;100;100;BelokKiri34
Robusta;25;4;1,62;-13,07;15,08;0,00;-81,75;-62,70;-1,62;-13,07;15,08;-69,90;-24,27;-33,36;0,00;-81,75;-62,70;69,90;-24,27;-33,36;100;100;100;100;100;100;100;100;100;100;100;100;100;100;100;100;100;100;100;100;BelokKiri34
Robusta;26;1;-17,5;-32,84;-27,60;0,00;-81,75;-62,70;17,50;-55,80;-41,30;-17,50;-55,80;-41,30;0,00;-81,75;-62,70;17,50;-32,84;-27,60;100;100;100;100;100;100;100;100;100;100;100;100;100;100;100;100;100;100;100;100;PutarKanan1
Robusta;26;2;-18,5;-32,84;-27,60;0,00;-81,75;-62,70;18,50;-32,84;-27,60;-18,50;-32,84;-27,60;0,00;-81,75;-62,70;18,50;-32,84;-27,60;100;100;100;100;100;100;100;100;100;100;100;100;100;100;100;100;100;100;100;100;PutarKanan1
Robusta;26;3;-17,5;-55,80;-41,30;0,00;-81,75;-62,70;17,50;-32,84;-27,60;-17,50;-32,84;-27,60;0,00;-81,75;-62,70;17,50;-55,80;-41,30;100;100;100;100;100;100;100;100;100;100;100;100;100;100;100;100;100;100;100;100;PutarKanan1
Robusta;26;4;-16,5;-32,84;-27,60;0,00;-81,75;-62,70;16,50;-32,84;-27,60;-16,50;-32,84;-27,60;0,00;-81,75;-62,70;16,50;-32,84;-27,60;100;100;100;100;100;100;100;100;100;100;100;100;100;100;100;100;100;100;100;100;PutarKanan1
Robusta;27;1;-17,5;-32,84;-27,60;0,00;-81,75;-62,70;17,50;-55,80;-41,30;-17,50;-55,80;-41,30;0,00;-81,75;-62,70;17,50;-32,84;-27,60;100;100;100;100;100;100;100;100;100;100;100;100;100;100;100;100;100;100;100;100;PutarKanan3
Robusta;27;2;-20,5;-32,84;-27,60;0,00;-81,75;-62,70;20,50;-32,84;-27,60;-20,50;-32,84;-27,60;0,00;-81,75;-62,70;20,50;-32,84;-27,60;100;100;100;100;100;100;100;100;100;100;100;100;100;100;100;100;100;100;100;100;PutarKanan3
Robusta;27;3;-17,5;-55,80;-41,30;0,00;-81,75;-62,70;17,50;-32,84;-27,60;-17,50;-32,84;-27,60;0,00;-81,75;-62,70;17,50;-55,80;-41,30;100;100;100;100;100;100;100;100;100;100;100;100;100;100;100;100;100;100;100;100;PutarKanan3
Robusta;27;4;-14,5;-32,84;-27,60;0,00;-81,75;-62,70;14,50;-32,84;-27,60;-14,50;-32,84;-27,60;0,00;-81,75;-62,70;14,50;-32,84;-27,60;100;100;100;100;100;100;100;100;100;100;100;100;100;100;100;100;100;100;100;100;PutarKanan3
Robusta;28;1;-17,5;-32,84;-27,60;0,00;-81,75;-62,70;17,50;-55,80;-41,30;-17,50;-55,80;-41,30;0,00;-81,75;-62,70;17,50;-32,84;-27,60;100;100;100;100;100;100;100;100;100;100;100;100;100;100;100;100;100;100;100;100;PutarKanan5
Robusta;28;2;-18,5;-32,84;-27,60;0,00;-81,75;-62,70;18,50;-32,84;-27,60;-18,50;-32,84;-27,60;0,00;-81,75;-62,70;18,50;-32,84;-27,60;100;100;100;100;100;100;100;100;100;100;100;100;100;100;100;100;100;100;100;100;PutarKanan5
Robusta;28;3;-17,5;-55,80;-41,30;0,00;-81,75;-62,70;17,50;-32,84;-27,60;-17,50;-32,84;-27,60;0,00;-81,75;-62,70;17,50;-55,80;-41,30;100;100;100;100;100;100;100;100;100;100;100;100;100;100;100;100;100;100;100;100;PutarKanan5
Robusta;28;4;-12,5;-32,84;-27,60;0,00;-81,75;-62,70;12,50;-32,84;-27,60;-12,50;-32,84;-27,60;0,00;-81,75;-62,70;12,50;-32,84;-27,60;100;100;100;100;100;100;100;100;100;100;100;100;100;100;100;100;100;100;100;100;PutarKanan5
Robusta;29;1;-17,5;-32,84;-27,60;0,00;-81,75;-62,70;17,50;-55,80;-41,30;-17,50;-55,80;-41,30;0,00;-81,75;-62,70;17,50;-32,84;-27,60;100;100;100;100;100;100;100;100;100;100;100;100;100;100;100;100;100;100;100;100;PutarKanan7
Robusta;29;2;-24,5;-32,84;-27,60;0,00;-81,75;-62,70;24,50;-32,84;-27,60;-24,50;-32,84;-27,60;0,00;-81,75;-62,70;24,50;-32,84;-27,60;100;100;100;100;100;100;100;100;100;100;100;100;100;100;100;100;100;100;100;100;PutarKanan7
Robusta;29;3;-17,5;-55,80;-41,30;0,00;-81,75;-62,70;17,50;-32,84;-27,60;-17,50;-32,84;-27,60;0,00;-81,75;-62,70;17,50;-55,80;-41,30;100;100;100;100;100;100;100;100;100;100;100;100;100;100;100;100;100;100;100;100;PutarKanan7
Robusta;29;4;-10,5;-32,84;-27,60;0,00;-81,75;-62,70;10,50;-32,84;-27,60;-10,50;-32,84;-27,60;0,00;-81,75;-62,70;10,50;-32,84;-27,60;100;100;100;100;100;100;100;100;100;100;100;100;100;100;100;100;100;100;100;100;PutarKanan7
Robusta;30;1;-17,5;-32,84;-27,60;0,00;-81,75;-62,70;17,50;-55,80;-41,30;-17,50;-55,80;-41,30;0,00;-81,75;-62,70;17,50;-32,84;-27,60;100;100;100;100;100;100;100;100;100;100;100;100;100;100;100;100;100;100;100;100;PutarKanan10
Robusta;30;2;-17,50268105;-32,84;-27,60;0,00;-81,75;-62,70;27,50;-32,84;-27,60;-17,50;-32,84;-27,60;0,00;-81,75;-62,70;27,50;-32,84;-27,60;100;100;100;100;100;100;100;100;100;100;100;100;100;100;100;100;100;100;100;100;PutarKanan10
Robusta;30;3;-17,5;-55,80;-41,30;0,00;-81,75;-62,70;17,50;-32,84;-27,60;-17,50;-32,84;-27,60;0,00;-81,75;-62,70;17,50;-55,80;-41,30;100;100;100;100;100;100;100;100;100;100;100;100;100;100;100;100;100;100;100;100;PutarKanan10
Robusta;30;4;-6,417069;-32,84;-27,60;0,00;-81,75;-62,70;6,42;-32,84;-27,60;-6,42;-32,84;-27,60;0,00;-81,75;-62,70;6,42;-32,84;-27,60;100;100;100;100;100;100;100;100;100;100;100;100;100;100;100;100;100;100;100;100;PutarKanan10
Robusta;31;1;-17,5;-32,84;-27,60;0,00;-81,75;-62,70;17,50;-55,80;-41,30;-17,50;-55,80;-41,30;0,00;-81,75;-62,70;17,50;-32,84;-27,60;100;100;100;100;100;100;100;100;100;100;100;100;100;100;100;100;100;100;100;100;PutarKanan15
Robusta;31;2;-32,5;-32,84;-27,60;0,00;-81,75;-62,70;32,50;-32,84;-27,60;-32,50;-32,84;-27,60;0,00;-81,75;-62,70;32,50;-32,84;-27,60;100;100;100;100;100;100;100;100;100;100;100;100;100;100;100;100;100;100;100;100;PutarKanan15
Robusta;31;3;-17,5;-55,80;-41,30;0,00;-81,75;-62,70;17,50;-32,84;-27,60;-17,50;-32,84;-27,60;0,00;-81,75;-62,70;17,50;-55,80;-41,30;100;100;100;100;100;100;100;100;100;100;100;100;100;100;100;100;100;100;100;100;PutarKanan15
Robusta;31;4;-1,417069;-32,84;-27,60;0,00;-81,75;-62,70;1,42;-32,84;-27,60;-1,42;-32,84;-27,60;0,00;-81,75;-62,70;1,42;-32,84;-27,60;100;100;100;100;100;100;100;100;100;100;100;100;100;100;100;100;100;100;100;100;PutarKanan15
Robusta;32;1;-17,5;-32,84;-27,60;0,00;-81,75;-62,70;17,50;-55,80;-41,30;-17,50;-55,80;-41,30;0,00;-81,75;-62,70;17,50;-32,84;-27,60;100;100;100;100;100;100;100;100;100;100;100;100;100;100;100;100;100;100;100;100;PutarKanan30
Robusta;32;2;-47,5;-32,84;-27,60;0,00;-81,75;-62,70;47,50;-32,84;-27,60;-47,50;-32,84;-27,60;0,00;-81,75;-62,70;47,50;-32,84;-27,60;100;100;100;100;100;100;100;100;100;100;100;100;100;100;100;100;100;100;100;100;PutarKanan30
Robusta;32;3;-17,5;-55,80;-41,30;0,00;-81,75;-62,70;17,50;-32,84;-27,60;-17,50;-32,84;-27,60;0,00;-81,75;-62,70;17,50;-55,80;-41,30;100;100;100;100;100;100;100;100;100;100;100;100;100;100;100;100;100;100;100;100;PutarKanan30
Robusta;32;4;13,582931;-32,84;-27,60;0,00;-81,75;-62,70;-13,58;-32,84;-27,60;13,58;-32,84;-27,60;0,00;-81,75;-62,70;-13,58;-32,84;-27,60;100;100;100;100;100;100;100;100;100;100;100;100;100;100;100;100;100;100;100;100;PutarKanan30
Robusta;33;1;-17,5;-32,84;-27,60;0,00;-81,75;-62,70;17,50;-55,80;-41,30;-17,50;-55,80;-41,30;0,00;-81,75;-62,70;17,50;-32,84;-27,60;100;100;100;100;100;100;100;100;100;100;100;100;100;100;100;100;100;100;100;100;PutarKanan45
Robusta;33;2;-62,5;-32,84;-27,60;0,00;-81,75;-62,70;62,50;-32,84;-27,60;-62,50;-32,84;-27,60;0,00;-81,75;-62,70;62,50;-32,84;-27,60;100;100;100;100;100;100;100;100;100;100;100;100;100;100;100;100;100;100;100;100;PutarKanan45
Robusta;33;3;-17,5;-55,80;-41,30;0,00;-81,75;-62,70;17,50;-32,84;-27,60;-17,50;-32,84;-27,60;0,00;-81,75;-62,70;17,50;-55,80;-41,30;100;100;100;100;100;100;100;100;100;100;100;100;100;100;100;100;100;100;100;100;PutarKanan45
Robusta;33;4;28,582931;-32,84;-27,60;0,00;-81,75;-62,70;-28,58;-32,84;-27,60;28,58;-32,84;-27,60;0,00;-81,75;-62,70;-28,58;-32,84;-27,60;100;100;100;100;100;100;100;100;100;100;100;100;100;100;100;100;100;100;100;100;PutarKanan45
Robusta;34;1;-17,5;-32,84;-27,60;0,00;-81,75;-62,70;17,50;-55,80;-41,30;-17,50;-55,80;-41,30;0,00;-81,75;-62,70;17,50;-32,84;-27,60;100;100;100;100;100;100;100;100;100;100;100;100;100;100;100;100;100;100;100;100;PutarKanan50
Robusta;34;2;-67,5;-32,84;-27,60;0,00;-81,75;-62,70;67,50;-32,84;-27,60;-67,50;-32,84;-27,60;0,00;-81,75;-62,70;67,50;-32,84;-27,60;100;100;100;100;100;100;100;100;100;100;100;100;100;100;100;100;100;100;100;100;PutarKanan50
Robusta;34;3;-17,5;-55,80;-41,30;0,00;-81,75;-62,70;17,50;-32,84;-27,60;-17,50;-32,84;-27,60;0,00;-81,75;-62,70;17,50;-55,80;-41,30;100;100;100;100;100;100;100;100;100;100;100;100;100;100;100;100;100;100;100;100;PutarKanan50
Robusta;34;4;33,582931;-32,84;-27,60;0,00;-81,75;-62,70;-33,58;-32,84;-27,60;33,58;-32,84;-27,60;0,00;-81,75;-62,70;-33,58;-32,84;-27,60;100;100;100;100;100;100;100;100;100;100;100;100;100;100;100;100;100;100;100;100;PutarKanan50
Robusta;35;1;-17,5;-32,84;-27,60;0,00;-81,75;-62,70;17,50;-55,80;-41,30;-17,50;-55,80;-41,30;0,00;-81,75;-62,70;17,50;-32,84;-27,60;100;100;100;100;100;100;100;100;100;100;100;100;100;100;100;100;100;100;100;100;GeserKanan1
Robusta;35;2;-22,3662342;-32,03;-23,50;0,00;-81,75;-62,70;11,91;-33,25;-31,00;-22,37;-32,03;-23,50;0,00;-81,75;-62,70;11,91;-33,25;-31,00;100;100;100;100;100;100;100;100;100;100;100;100;100;100;100;100;100;100;100;100;GeserKanan1
Robusta;35;3;-17,5;-55,80;-41,30;0,00;-81,75;-62,70;17,50;-32,84;-27,60;-17,50;-32,84;-27,60;0,00;-81,75;-62,70;17,50;-55,80;-41,30;100;100;100;100;100;100;100;100;100;100;100;100;100;100;100;100;100;100;100;100;GeserKanan1
Robusta;35;4;-11,90549616;-33,25;-31,00;0,00;-81,75;-62,70;22,37;-32,03;-23,50;-11,91;-33,25;-31,00;0,00;-81,75;-62,70;22,37;-32,03;-23,50;100;100;100;100;100;100;100;100;100;100;100;100;100;100;100;100;100;100;100;100;GeserKanan1
Robusta;36;1;-17,5;-32,84;-27,60;0,00;-81,75;-62,70;17,50;-55,80;-41,30;-17,50;-55,80;-41,30;0,00;-81,75;-62,70;17,50;-32,84;-27,60;100;100;100;100;100;100;100;100;100;100;100;100;100;100;100;100;100;100;100;100;GeserKanan2
Robusta;36;2;-26,58005919;-30,75;-18,72;0,00;-81,75;-62,70;5,54;-33,34;-33,69;-26,58;-30,75;-18,72;0,00;-81,75;-62,70;5,54;-33,34;-33,69;100;100;100;100;100;100;100;100;100;100;100;100;100;100;100;100;100;100;100;100;GeserKanan2
Robusta;36;3;-17,5;-55,80;-41,30;0,00;-81,75;-62,70;17,50;-32,84;-27,60;-17,50;-32,84;-27,60;0,00;-81,75;-62,70;17,50;-55,80;-41,30;100;100;100;100;100;100;100;100;100;100;100;100;100;100;100;100;100;100;100;100;GeserKanan2
Robusta;36;4;-5,53843479;-33,34;-33,69;0,00;-81,75;-62,70;26,58;-30,75;-18,72;-5,54;-33,34;-33,69;0,00;-81,75;-62,70;26,58;-30,75;-18,72;100;100;100;100;100;100;100;100;100;100;100;100;100;100;100;100;100;100;100;100;GeserKanan2
Robusta;37;1;-17,5;-32,84;-27,60;0,00;-81,75;-62,70;17,50;-55,80;-41,30;-17,50;-55,80;-41,30;0,00;-81,75;-62,70;17,50;-32,84;-27,60;100;100;100;100;100;100;100;100;100;100;100;100;100;100;100;100;100;100;100;100;GeserKanan3
Robusta;37;2;-33,39016906;-26,65;-7,08;0,00;-81,75;-62,70;-9,34;-33,07;-36,93;-33,39;-26,65;-7,08;0,00;-81,75;-62,70;-9,34;-33,07;-36,93;100;100;100;100;100;100;100;100;100;100;100;100;100;100;100;100;100;100;100;100;GeserKanan3
Robusta;37;3;-17,5;-55,80;-41,30;0,00;-81,75;-62,70;17,50;-32,84;-27,60;-17,50;-32,84;-27,60;0,00;-81,75;-62,70;17,50;-55,80;-41,30;100;100;100;100;100;100;100;100;100;100;100;100;100;100;100;100;100;100;100;100;GeserKanan3
Robusta;37;4;9,344371506;-33,07;-36,93;0,00;-81,75;-62,70;33,39;-26,65;-7,08;9,34;-33,07;-36,93;0,00;-81,75;-62,70;33,39;-26,65;-7,08;100;100;100;100;100;100;100;100;100;100;100;100;100;100;100;100;100;100;100;100;GeserKanan3
Robusta;38;1;-17,5;-32,84;-27,60;0,00;-81,75;-62,70;17,50;-55,80;-41,30;-17,50;-55,80;-41,30;0,00;-81,75;-62,70;17,50;-32,84;-27,60;100;100;100;100;100;100;100;100;100;100;100;100;100;100;100;100;100;100;100;100;GeserKanan4
Robusta;38;2;-38,55202443;-20,27;7,62;0,00;-81,75;-62,70;-25,80;-32,99;-37,36;-38,55;-20,27;7,62;0,00;-81,75;-62,70;-25,80;-32,99;-37,36;100;100;100;100;100;100;100;100;100;100;100;100;100;100;100;100;100;100;100;100;GeserKanan4
Robusta;38;3;-17,5;-55,80;-41,30;0,00;-81,75;-62,70;17,50;-32,84;-27,60;-17,50;-32,84;-27,60;0,00;-81,75;-62,70;17,50;-55,80;-41,30;100;100;100;100;100;100;100;100;100;100;100;100;100;100;100;100;100;100;100;100;GeserKanan4
Robusta;38;4;25,80251953;-32,99;-37,36;0,00;-81,75;-62,70;38,55;-20,27;7,62;25,80;-32,99;-37,36;0,00;-81,75;-62,70;38,55;-20,27;7,62;100;100;100;100;100;100;100;100;100;100;100;100;100;100;100;100;100;100;100;100;GeserKanan4
Robusta;39;1;-17,5;-32,84;-27,60;0,00;-81,75;-62,70;17,50;-55,80;-41,30;-17,50;-55,80;-41,30;0,00;-81,75;-62,70;17,50;-32,84;-27,60;100;100;100;100;100;100;100;100;100;100;100;100;100;100;100;100;100;100;100;100;SerongKanan3
Robusta;39;2;-60,81;-33,08;-29,33;0,00;-81,75;-62,70;61,55;-26,04;-46,53;-5,32;-13,50;21,50;0,00;-81,75;-62,70;-9,60;-22,70;2,29;100;100;100;100;100;100;100;100;100;100;100;100;100;100;100;100;100;100;100;100;SerongKanan3
Robusta;39;3;-17,5;-55,80;-41,30;0,00;-81,75;-62,70;17,50;-32,84;-27,60;-17,50;-32,84;-27,60;0,00;-81,75;-62,70;17,50;-55,80;-41,30;100;100;100;100;100;100;100;100;100;100;100;100;100;100;100;100;100;100;100;100;SerongKanan3
Robusta;39;4;9,60;-22,70;2,29;0,00;-81,75;-62,70;5,32;-13,50;21,50;-61,55;-26,04;-46,53;0,00;-81,75;-62,70;60,81;-33,08;-29,33;100;100;100;100;100;100;100;100;100;100;100;100;100;100;100;100;100;100;100;100;SerongKanan3
Robusta;40;1;-17,5;-32,84;-27,60;0,00;-81,75;-62,70;17,50;-55,80;-41,30;-17,50;-55,80;-41,30;0,00;-81,75;-62,70;17,50;-32,84;-27,60;100;100;100;100;100;100;100;100;100;100;100;100;100;100;100;100;100;100;100;100;SerongKiri3
Robusta;40;2;-61,55;-26,04;-46,53;0,00;-81,75;-62,70;60,81;-33,08;-29,33;9,60;-22,70;2,29;0,00;-81,75;-62,70;5,32;-13,50;21,50;100;100;100;100;100;100;100;100;100;100;100;100;100;100;100;100;100;100;100;100;SerongKiri3
Robusta;40;3;-17,5;-55,80;-41,30;0,00;-81,75;-62,70;17,50;-32,84;-27,60;-17,50;-32,84;-27,60;0,00;-81,75;-62,70;17,50;-55,80;-41,30;100;100;100;100;100;100;100;100;100;100;100;100;100;100;100;100;100;100;100;100;SerongKiri3
Robusta;40;4;-5,32;-13,50;21,50;0,00;-81,75;-62,70;-9,60;-22,70;2,29;-60,81;-33,08;-29,33;0,00;-81,75;-62,70;61,55;-26,04;-46,53;100;100;100;100;100;100;100;100;100;100;100;100;100;100;100;100;100;100;100;100;SerongKiri3
Robusta;41;1;-17,5;-32,84;-27,60;0,00;-81,75;-62,70;17,50;-55,80;-41,30;-17,50;-55,80;-41,30;0,00;-81,75;-62,70;17,50;-32,84;-27,60;100;100;100;100;100;100;100;100;100;100;100;100;100;100;100;100;100;100;100;100;SerongKananKecil3
Robusta;41;2;-60,92;-33,29;-34,93;0,00;-81,75;-62,70;61,26;-30,01;-43,67;-1,98;-16,57;15,34;0,00;-81,75;-62,70;-5,49;-21,10;5,83;100;100;100;100;100;100;100;100;100;100;100;100;100;100;100;100;100;100;100;100;SerongKananKecil3
Robusta;41;3;-17,5;-55,80;-41,30;0,00;-81,75;-62,70;17,50;-32,84;-27,60;-17,50;-32,84;-27,60;0,00;-81,75;-62,70;17,50;-55,80;-41,30;100;100;100;100;100;100;100;100;100;100;100;100;100;100;100;100;100;100;100;100;SerongKananKecil3
Robusta;41;4;5,49;-21,10;5,83;0,00;-81,75;-62,70;1,98;-16,57;15,34;-61,26;-30,01;-43,67;0,00;-81,75;-62,70;60,92;-33,29;-34,93;100;100;100;100;100;100;100;100;100;100;100;100;100;100;100;100;100;100;100;100;SerongKananKecil3
Robusta;42;1;-17,5;-32,84;-27,60;0,00;-81,75;-62,70;17,50;-55,80;-41,30;-17,50;-55,80;-41,30;0,00;-81,75;-62,70;17,50;-32,84;-27,60;100;100;100;100;100;100;100;100;100;100;100;100;100;100;100;100;100;100;100;100;SerongKiriKecil3
Robusta;42;2;-61,26;-30,01;-43,67;0,00;-81,75;-62,70;60,92;-33,29;-34,93;5,49;-21,10;5,83;0,00;-81,75;-62,70;1,98;-16,57;15,34;100;100;100;100;100;100;100;100;100;100;100;100;100;100;100;100;100;100;100;100;SerongKiriKecil3
Robusta;42;3;-17,5;-55,80;-41,30;0,00;-81,75;-62,70;17,50;-32,84;-27,60;-17,50;-32,84;-27,60;0,00;-81,75;-62,70;17,50;-55,80;-41,30;100;100;100;100;100;100;100;100;100;100;100;100;100;100;100;100;100;100;100;100;SerongKiriKecil3
Robusta;42;4;-1,98;-16,57;15,34;0,00;-81,75;-62,70;-5,49;-21,10;5,83;-60,92;-33,29;-34,93;0,00;-81,75;-62,70;61,26;-30,01;-43,67;100;100;100;100;100;100;100;100;100;100;100;100;100;100;100;100;100;100;100;100;SerongKiriKecil3
Robusta;43;1;0,00;0,00;0,00;0,00;-81,75;-62,70;0,00;0,00;0,00;0,00;0,00;0,00;0,00;-81,75;-62,70;0,00;0,00;0,00;100;100;100;100;100;100;100;100;100;100;100;100;100;100;100;100;100;100;100;100;Normal Besar
Robusta;44;1;-17,5;-32,84;-27,60;0,00;-81,75;-62,70;17,50;-55,80;-41,30;-17,50;-55,80;-41,30;0,00;-81,75;-62,70;17,50;-32,84;-27,60;100;100;100;100;100;100;100;100;100;100;100;100;100;100;100;100;100;100;100;100;Jalan Ditempat
Robusta;44;2;-17,50;-32,84;-27,60;0,00;-81,75;-62,70;17,50;-32,84;-27,60;-17,50;-32,84;-27,60;0,00;-81,75;-62,70;17,50;-32,84;-27,60;100;100;100;100;100;100;100;100;100;100;100;100;100;100;100;100;100;100;100;100;Jalan Ditempat
Robusta;44;3;-17,5;-55,80;-41,30;0,00;-81,75;-62,70;17,50;-32,84;-27,60;-17,50;-32,84;-27,60;0,00;-81,75;-62,70;17,50;-55,80;-41,30;100;100;100;100;100;100;100;100;100;100;100;100;100;100;100;100;100;100;100;100;Jalan Ditempat
Robusta;44;4;-17,50;-32,84;-27,60;0,00;-81,75;-62,70;17,50;-32,84;-27,60;-17,50;-32,84;-27,60;0,00;-81,75;-62,70;17,50;-32,84;-27,60;100;100;100;100;100;100;100;100;100;100;100;100;100;100;100;100;100;100;100;100;Jalan Ditempat
Robusta;45;1;-17,50;-32,84;-27,60;0,00;-81,75;-62,70;17,50;0,00;0,00;-17,50;-32,84;-27,60;0,00;-81,75;-62,70;17,50;0,00;0,00;250;250;250;250;250;250;250;250;250;250;250;250;250;250;250;250;250;250;250;250;Nungging1
Robusta;46;1;-17,50;-32,84;-27,60;0,00;-81,75;-62,70;17,50;9,59;10,05;-17,50;-32,84;-27,60;0,00;-81,75;-62,70;17,50;9,59;10,05;250;250;250;250;250;250;250;250;250;250;250;250;250;250;250;250;250;250;250;250;Nungging2
Robusta;47;1;-17,50;-32,84;-27,60;0,00;-81,75;-62,70;17,50;32,84;27,60;-17,50;-32,84;-27,60;0,00;-81,75;-62,70;17,50;32,84;27,60;250;250;250;250;250;250;250;250;250;250;250;250;250;250;250;250;250;250;250;250;Nungging3
Robusta;48;1;-17,50;-32,84;-27,60;0,00;-81,75;-62,70;17,50;44,57;43,53;-17,50;-32,84;-27,60;0,00;-81,75;-62,70;17,50;44,57;43,53;250;250;250;250;250;250;250;250;250;250;250;250;250;250;250;250;250;250;250;250;Nungging4
